resolution,K,modularity,largest_community,smallest_community,p_cluster_floor,p_holm_floor_family3,clears_alpha_0.05
1.0,6,0.3997,111,27,0.03125,0.09375,False
1.2,7,0.3975,94,33,0.015625,0.046875,True
1.4,10,0.3848,78,11,0.001953,0.005859,True
1.6,10,0.3662,118,11,0.001953,0.005859,True
1.8,11,0.3499,81,9,0.000977,0.00293,True
2.0,15,0.3246,81,3,6.1e-05,0.000183,True
2.5,21,0.2981,84,1,1e-06,3e-06,True
3.0,30,0.2776,82,1,0.0,0.0,True
4.0,49,0.243,82,1,0.0,0.0,True
