resolution,K,modularity,largest_community,smallest_community,p_cluster_floor,p_holm_floor_family3,clears_alpha_0.05
1.0,7,0.4016,95,30,0.015625,0.046875,True
1.2,8,0.3987,83,26,0.007812,0.023438,True
1.4,10,0.3748,88,7,0.001953,0.005859,True
1.6,10,0.3624,83,11,0.001953,0.005859,True
1.8,12,0.3547,82,1,0.000488,0.001465,True
2.0,14,0.3422,82,1,0.000122,0.000366,True
2.5,21,0.3122,82,1,1e-06,3e-06,True
3.0,31,0.2703,82,1,0.0,0.0,True
4.0,49,0.2432,82,1,0.0,0.0,True
