{
  "modularity_point_estimate":0.3997024115,
  "modularity_bootstrap_mean":0.4002174541,
  "modularity_bootstrap_low":0.3928661108,
  "modularity_bootstrap_high":0.4056470332,
  "n_bootstrap_success":100.0
}