previous_year,current_year,nmi,shared_nodes
2016,2017,0.541590719663743,46
2017,2018,0.7750672377688136,141
2018,2019,0.8246907229007882,243
2019,2020,0.7565057350720474,336
2020,2021,0.7964898108173809,341
