aggregation,graph_set,model,config,n_nodes,n_train_steps,n_validation_steps,n_test_steps,validation_wmape,validation_mae,validation_rmse,validation_mase,test_wmape,test_mae,test_rmse,test_mase,preprocessing_enabled,selected_residual_lag
community,"SD,DE,DC,ATD",graph_propagation,"{""alpha"": 1.0}",5,15821,1712,4639,0.26143945651072653,72.57415681475862,163.8347713105243,0.7138210277133551,0.292019150395529,61.44085442813956,171.80456472149586,0.6043166848417637,true,56
community,"SD,DE,DC,ATD",lagged_linear,"{""lags"": [1, 2, 8, 56], ""max_samples"": 300000}",5,15821,1712,4639,0.2318082937964284,64.348708834825,122.16284045853537,0.6329176043993837,0.2585757732809207,54.404364998932984,124.34101451938136,0.5351075567402718,true,56
community,"SD,DE,DC,ATD",seasonal_naive,"{""seasonal_lag"": 1}",5,15821,1712,4639,0.26143945651072653,72.57415681475862,163.8347713105243,0.7138210277133551,0.292019150395529,61.44085442813956,171.80456472149586,0.6043166848417637,true,56
community,"SD,DE,DC,ATD",tree_lagged,"{""lags"": [1, 2, 8, 56], ""max_depth"": 16, ""n_estimators"": 300, ""max_samples"": 300000}",5,15821,1712,4639,0.21410919134707881,59.435535231333844,107.56626371586225,0.5845928730500423,0.2329011929366663,49.00243108022155,105.83044939349226,0.481975502704336,true,56
station,"SD,DE,DC,ATD",graph_propagation,"{""alpha"": 0.3}",449,15821,1712,4639,0.7006449404415366,2.1658706705911968,8.43338112324828,1.4289884085620561,0.7407998303329394,1.7356831647176327,21.917644284020113,1.1451612309985193,true,56
station,"SD,DE,DC,ATD",lagged_linear,"{""lags"": [1, 8, 56], ""max_samples"": 300000}",449,15821,1712,4639,0.5981801624367697,1.8491261333234215,3.526296109997488,1.2200081225381199,0.6078302078890315,1.4241372846503748,3.173541667874258,0.9396108916378336,true,56
station,"SD,DE,DC,ATD",seasonal_naive,"{""seasonal_lag"": 1}",449,15821,1712,4639,0.9046125343800294,2.7963860771308355,6.837756096444125,1.8449870273156863,0.9092318876256152,2.1303170108272678,5.90237170002377,1.4055309748498457,true,56
station,"SD,DE,DC,ATD",tree_lagged,"{""lags"": [1, 8, 56], ""max_depth"": 12, ""n_estimators"": 300, ""max_samples"": 300000}",449,15821,1712,4639,0.5984251322621114,1.8498833969947368,3.5380236463424155,1.2205077465568703,0.6081432203629648,1.424870668297491,3.184842104191442,0.9400947602016348,true,56
