aggregation,graph_set,model,config,n_nodes,n_train_steps,n_validation_steps,n_test_steps,validation_wmape,validation_mae,validation_rmse,validation_mase,test_wmape,test_mae,test_rmse,test_mase,preprocessing_enabled,selected_residual_lag
community,"SD,DE,DC,ATD",graph_propagation,"{""alpha"": 0.8}",5,15821,1712,4639,0.28031559856850785,77.8140701470558,204.8521516661993,0.7653594882914964,0.3197631080776469,67.27818551720902,238.80325898295112,0.6617311951851388,true,56
community,"SD,DE,DC,ATD",lagged_linear,"{""lags"": [1, 2, 24], ""max_samples"": 300000}",5,15821,1712,4639,0.24081299870016099,66.84836544548392,130.4039950918851,0.6575035938075056,0.2692726494477887,56.654988666984174,134.71769737136756,0.5572441211901338,true,56
community,"SD,DE,DC,ATD",seasonal_naive,"{""seasonal_lag"": 1}",5,15821,1712,4639,0.26143945651072653,72.57415681475862,163.8347713105243,0.7138210277133551,0.292019150395529,61.44085442813956,171.80456472149586,0.6043166848417637,true,56
community,"SD,DE,DC,ATD",tree_lagged,"{""lags"": [1, 2, 24, 168], ""max_depth"": 12, ""n_estimators"": 300, ""max_samples"": 300000}",5,15821,1712,4639,0.2280754414634483,63.312489534969934,118.13679223214298,0.622725613778715,0.2632412713190234,55.38598618852135,190.9777888988498,0.5447625341748105,true,56
station,"SD,DE,DC,ATD",graph_propagation,"{""alpha"": 0.05}",449,15821,1712,4639,0.7274676276330576,2.248786378878403,22.679238946373335,1.4836941616058372,0.8229282512774769,1.9281088534684128,95.87301673667936,1.272118986356727,true,56
station,"SD,DE,DC,ATD",lagged_linear,"{""lags"": [1], ""max_samples"": 300000}",449,15821,1712,4639,0.623916787441179,1.9286845487769406,3.706276158144708,1.2724988160178052,0.633278741502563,1.4837628265999534,3.3400433699635053,0.9789503634987833,true,56
station,"SD,DE,DC,ATD",seasonal_naive,"{""seasonal_lag"": 1}",449,15821,1712,4639,0.9046125343800294,2.7963860771308355,6.837756096444125,1.8449870273156863,0.9092318876256152,2.1303170108272678,5.90237170002377,1.4055309748498457,true,56
station,"SD,DE,DC,ATD",tree_lagged,"{""lags"": [1, 2, 24, 168], ""max_depth"": 8, ""n_estimators"": 300, ""max_samples"": 300000}",449,15821,1712,4639,0.6194837433852388,1.9149808886946331,3.697823181462152,1.2634574768102584,0.6284663947563739,1.4724875685772967,3.328144427710944,0.9715112244787583,true,56
